Date,Close/Last,Volume,Open,High,Low
07/25/2025,$71.99,2571713,$71.94,$72.195,$71.48
07/24/2025,$72.38,4769028,$72.06,$72.76,$71.92
07/23/2025,$72.76,4757227,$71.82,$72.83,$71.75
07/22/2025,$71.15,4167670,$70.57,$71.32,$70.53
07/21/2025,$70.32,3366709,$70.72,$70.81,$70.28
07/18/2025,$70.28,5241005,$71.22,$71.335,$70.055
07/17/2025,$70.34,3733843,$70.075,$70.575,$70.00
07/16/2025,$70.67,4132461,$70.52,$70.96,$70.015
07/15/2025,$70.40,3618629,$70.80,$71.02,$70.225
07/14/2025,$71.10,4542167,$71.94,$72.02,$70.98
07/11/2025,$72.30,4603726,$71.88,$72.555,$71.715
07/10/2025,$72.30,3638972,$71.62,$72.355,$71.32
07/09/2025,$71.73,4346735,$71.85,$71.96,$71.31
07/08/2025,$71.26,3807577,$69.92,$71.455,$69.92
07/07/2025,$69.82,5092511,$69.96,$70.655,$69.215
07/03/2025,$71.92,2413800,$72.00,$72.20,$71.72
07/02/2025,$72.28,3597121,$71.53,$72.395,$71.005
07/01/2025,$71.19,3643017,$70.68,$71.40,$70.305
06/30/2025,$70.41,3423706,$70.38,$70.66,$70.065
06/27/2025,$70.98,3580060,$71.19,$71.345,$70.71
06/26/2025,$70.99,5080697,$70.985,$71.2834,$70.45
06/25/2025,$69.44,24488620,$70.09,$70.305,$67.25
06/24/2025,$70.14,6591157,$70.52,$71.145,$69.91
06/23/2025,$70.84,7753101,$72.67,$73.16,$70.805
06/20/2025,$72.40,6469860,$72.56,$72.95,$72.23
06/18/2025,$72.00,4224458,$72.195,$72.65,$71.79
06/17/2025,$72.33,4071060,$72.495,$72.66,$72.07
06/16/2025,$71.43,5708857,$72.42,$72.72,$71.391
06/13/2025,$72.54,5922646,$72.33,$72.57,$71.40
06/12/2025,$71.44,3231367,$71.23,$71.53,$70.90
06/11/2025,$71.02,3906015,$70.34,$71.06,$69.99
06/10/2025,$70.05,4595217,$69.94,$70.425,$69.845
06/09/2025,$68.26,2908913,$67.81,$68.57,$67.385
06/06/2025,$68.02,2795023,$67.69,$68.22,$67.69
06/05/2025,$67.53,3284356,$68.10,$68.10,$67.38
06/04/2025,$67.27,4117510,$67.99,$68.305,$67.095
06/03/2025,$67.83,3432185,$67.60,$68.195,$67.16
06/02/2025,$67.45,3634385,$67.40,$67.495,$66.82
05/30/2025,$66.22,3432207,$66.56,$66.58,$65.96
05/29/2025,$66.44,3492256,$66.41,$66.50,$66.07
05/28/2025,$66.04,3057082,$66.62,$66.705,$65.94
05/27/2025,$66.69,2774978,$66.71,$66.78,$66.37
05/23/2025,$66.30,3064764,$65.55,$66.30,$65.38
05/22/2025,$65.95,3484752,$65.93,$66.235,$65.40
05/21/2025,$66.36,3101958,$67.18,$67.20,$66.345
05/20/2025,$66.62,2523059,$66.65,$66.915,$66.485
05/19/2025,$66.67,2752064,$66.46,$66.67,$65.93
05/16/2025,$66.62,2625611,$67.05,$67.1408,$66.37
05/15/2025,$67.39,2670456,$66.70,$67.44,$66.31
05/14/2025,$67.09,3339258,$67.31,$67.54,$66.93
05/13/2025,$67.61,3697647,$66.76,$67.87,$66.55
05/12/2025,$66.38,5277867,$66.68,$67.09,$66.14
05/09/2025,$66.15,4584444,$65.88,$66.17,$65.5002
05/08/2025,$65.08,3656209,$64.97,$65.54,$64.89
05/07/2025,$65.05,3616908,$65.40,$65.46,$64.81
05/06/2025,$65.10,3867828,$65.95,$66.15,$65.065
05/05/2025,$65.12,4346845,$65.70,$65.705,$64.97
05/02/2025,$66.64,6608961,$67.12,$67.16,$65.86
05/01/2025,$64.80,3931960,$64.52,$65.35,$64.31
04/30/2025,$64.48,4663505,$65.31,$65.32,$64.02
04/29/2025,$65.51,2991794,$65.32,$65.905,$65.26
04/28/2025,$66.02,3709483,$65.82,$66.28,$65.76
04/25/2025,$65.86,3601469,$65.30,$65.99,$65.15
04/24/2025,$65.05,5482284,$65.14,$65.25,$64.60
04/23/2025,$64.51,5767795,$66.11,$66.11,$64.34
04/22/2025,$65.17,5567277,$65.39,$65.745,$64.865
04/21/2025,$64.65,4498725,$64.67,$64.74,$63.88
04/17/2025,$65.04,4512623,$64.37,$65.66,$64.31
04/16/2025,$64.03,6013438,$64.02,$64.905,$63.77
04/15/2025,$62.78,4072956,$62.82,$63.43,$62.58
04/14/2025,$62.54,4860450,$62.765,$62.82,$61.845
04/11/2025,$62.09,8669771,$60.97,$62.45,$60.32
04/10/2025,$59.78,12826950,$62.18,$62.43,$58.975
04/09/2025,$63.89,11990500,$59.62,$64.48,$58.545
04/08/2025,$59.75,9287024,$63.14,$63.565,$59.011
04/07/2025,$62.32,14908210,$60.43,$64.12,$60.3302
04/04/2025,$64.13,9977728,$66.74,$67.02,$63.905
04/03/2025,$69.77,7322295,$70.65,$71.12,$69.63
04/02/2025,$72.72,3600782,$72.395,$72.82,$71.88
04/01/2025,$73.05,3645504,$72.75,$73.12,$72.41
03/31/2025,$73.28,6126727,$72.43,$73.475,$72.41
03/28/2025,$72.73,6539155,$73.18,$73.22,$72.505
03/27/2025,$73.29,7774269,$72.90,$74.18,$72.69
03/26/2025,$73.03,8163168,$73.265,$73.805,$72.70
03/25/2025,$72.03,7373463,$72.63,$73.24,$71.84
03/24/2025,$71.28,4392195,$70.96,$71.355,$70.91
03/21/2025,$71.01,3756595,$71.38,$71.52,$70.77
03/20/2025,$71.95,3981937,$71.28,$72.05,$71.17
03/19/2025,$71.52,5026783,$71.48,$71.785,$71.2738
03/18/2025,$70.97,5306929,$70.41,$70.98,$70.12
03/17/2025,$70.10,5917752,$69.65,$70.165,$69.32
03/14/2025,$68.77,3572376,$67.87,$68.795,$67.71
03/13/2025,$67.74,8866538,$67.56,$68.19,$67.53
03/12/2025,$67.38,5156506,$66.26,$67.61,$66.20
03/11/2025,$66.81,4796329,$66.98,$67.395,$66.33
03/10/2025,$66.79,3789404,$66.93,$67.22,$66.24
03/07/2025,$66.79,4409986,$66.595,$67.065,$66.18
03/06/2025,$66.01,6581395,$65.25,$66.26,$65.25
03/05/2025,$66.10,5766021,$66.465,$66.60,$65.245
03/04/2025,$66.20,9111982,$65.485,$66.56,$65.07
03/03/2025,$66.46,6588422,$68.42,$68.53,$65.975
02/28/2025,$67.46,3989273,$66.705,$67.46,$66.38
02/27/2025,$67.27,4014574,$67.06,$67.88,$66.97
02/26/2025,$67.40,3444804,$67.13,$67.54,$66.70
02/25/2025,$66.90,3070540,$67.64,$67.67,$66.73
02/24/2025,$66.89,2888768,$66.96,$67.165,$66.485
02/21/2025,$66.70,3330231,$67.54,$67.57,$66.54
02/20/2025,$68.38,2806615,$67.96,$68.485,$67.7821
02/19/2025,$67.60,2428811,$67.79,$68.155,$67.44
02/18/2025,$67.82,3333484,$67.59,$68.095,$67.45
02/14/2025,$67.13,2934859,$67.84,$68.24,$67.10
02/13/2025,$67.37,2978435,$66.63,$67.575,$66.43
02/12/2025,$66.76,3067602,$66.95,$67.52,$66.545
02/11/2025,$67.38,3529541,$66.91,$67.715,$66.65
02/10/2025,$66.13,4059506,$65.74,$66.30,$65.74
02/07/2025,$65.89,4075314,$66.30,$66.44,$65.81
02/06/2025,$66.16,4125398,$66.86,$66.90,$65.815
02/05/2025,$66.53,3264989,$66.43,$66.74,$66.20
02/04/2025,$66.63,3579851,$65.18,$66.675,$65.18
02/03/2025,$65.17,4841684,$65.30,$65.77,$64.93
01/31/2025,$65.85,5424691,$67.07,$67.115,$65.69
01/30/2025,$66.65,6257910,$66.03,$66.95,$65.95
01/29/2025,$64.78,4246173,$64.44,$64.965,$64.39
01/28/2025,$64.58,3776182,$65.15,$65.30,$64.21
01/27/2025,$65.14,4245483,$65.30,$65.38,$64.67
01/24/2025,$65.39,4915895,$66.38,$66.455,$65.32
01/23/2025,$66.66,3588463,$66.70,$66.905,$66.38
01/22/2025,$65.95,4912864,$66.84,$66.84,$65.94
01/21/2025,$66.77,4715386,$66.95,$67.05,$66.57
01/17/2025,$66.72,3486314,$66.80,$67.28,$66.51
01/16/2025,$66.45,3622189,$66.19,$66.74,$66.125
01/15/2025,$66.36,3459781,$66.12,$66.48,$65.925
01/14/2025,$65.91,4228835,$65.20,$66.065,$65.10
01/13/2025,$64.96,3703069,$64.80,$65.3958,$64.77
01/10/2025,$64.94,4352054,$65.95,$66.13,$64.58
01/08/2025,$64.72,5750864,$63.89,$64.77,$63.81
01/07/2025,$65.93,5067591,$65.99,$66.275,$65.665
01/06/2025,$64.75,3840987,$64.82,$65.33,$64.61
01/03/2025,$64.52,5296222,$64.45,$64.71,$64.225
01/02/2025,$63.10,3859596,$62.98,$63.33,$62.80
12/31/2024,$62.65,2955803,$62.63,$62.795,$62.115
12/30/2024,$61.78,3706451,$61.94,$61.97,$61.56
12/27/2024,$61.69,3639761,$61.61,$62.115,$61.43
12/26/2024,$61.36,2288924,$61.48,$61.77,$61.325
12/24/2024,$61.44,1369651,$61.37,$61.635,$60.98
12/23/2024,$61.16,3300496,$60.63,$61.289,$60.485
12/20/2024,$60.64,4317494,$60.23,$61.0258,$60.145
12/19/2024,$60.78,5766796,$61.42,$61.54,$60.6136
12/18/2024,$60.63,5368474,$62.09,$62.29,$60.53
12/17/2024,$61.88,4892890,$61.74,$62.08,$61.59
12/16/2024,$62.15,4347912,$63.22,$63.231,$62.09
12/13/2024,$63.54,4470658,$63.96,$64.015,$63.44
12/12/2024,$64.00,3859369,$64.27,$64.635,$63.90
12/11/2024,$64.53,3481334,$64.36,$64.54,$63.79
12/10/2024,$64.38,3491490,$64.78,$64.85,$64.22
12/09/2024,$64.70,4651261,$64.75,$65.635,$64.62
12/06/2024,$63.25,5011472,$64.25,$64.28,$63.00
12/05/2024,$64.35,4866267,$64.32,$64.6191,$63.93
12/04/2024,$64.21,5089776,$65.59,$65.59,$64.09
12/03/2024,$65.28,3877213,$65.50,$65.57,$64.97
12/02/2024,$64.34,4055621,$64.67,$64.73,$63.815
11/29/2024,$64.74,2225476,$64.75,$65.005,$64.65
11/27/2024,$64.91,3006582,$64.69,$65.04,$64.55
11/26/2024,$64.79,3616911,$65.06,$65.07,$64.4312
11/25/2024,$65.05,3328569,$65.96,$66.11,$65.00
11/22/2024,$66.03,3597854,$65.73,$66.22,$65.68
11/21/2024,$66.27,3951162,$65.98,$66.385,$65.8479
11/20/2024,$65.43,2743029,$65.59,$65.76,$65.12
11/19/2024,$65.81,2892520,$65.88,$66.18,$65.56
11/18/2024,$66.32,3329354,$66.11,$66.57,$65.915
11/15/2024,$65.47,4349310,$65.49,$65.77,$65.27
11/14/2024,$65.79,5438087,$65.88,$66.12,$65.65
11/13/2024,$65.48,5945070,$65.01,$65.80,$64.46
11/12/2024,$65.57,6833881,$65.84,$66.01,$64.9479
11/11/2024,$66.84,4718512,$66.69,$66.91,$66.34
11/08/2024,$67.06,4155931,$67.67,$67.68,$66.675
11/07/2024,$68.61,5233977,$68.62,$68.825,$68.195
11/06/2024,$68.35,7714955,$67.14,$68.44,$66.865
11/05/2024,$68.22,4016691,$68.48,$68.61,$67.895
11/04/2024,$67.74,4849899,$68.19,$68.54,$67.605
11/01/2024,$67.49,8591310,$68.01,$68.09,$67.29
10/31/2024,$67.55,11464930,$66.31,$67.69,$66.26
10/30/2024,$65.58,4035047,$65.34,$65.7599,$65.11
10/29/2024,$65.28,3435490,$65.77,$65.81,$65.095
10/28/2024,$66.04,4784845,$65.31,$66.145,$65.20
10/25/2024,$66.85,3356355,$66.92,$67.0903,$66.605
10/24/2024,$66.41,3117426,$66.89,$67.065,$66.26
10/23/2024,$66.53,2755717,$66.64,$66.82,$66.085
10/22/2024,$67.01,3070503,$67.02,$67.37,$66.86
10/21/2024,$67.05,3309669,$67.40,$67.59,$66.87
10/18/2024,$67.04,2336306,$67.065,$67.17,$66.57
10/17/2024,$67.34,3925122,$66.87,$67.34,$66.73
10/16/2024,$66.64,4388765,$66.72,$66.995,$66.44
10/15/2024,$66.08,4848618,$66.36,$66.47,$65.97
10/14/2024,$68.38,2516661,$68.24,$68.56,$68.04
10/11/2024,$68.49,2992024,$68.56,$68.86,$68.40
10/10/2024,$68.84,2486917,$68.65,$68.86,$68.26
10/09/2024,$68.22,3572047,$67.80,$68.495,$67.67
10/08/2024,$68.27,4382107,$68.98,$69.07,$67.97
10/07/2024,$70.23,6160842,$69.27,$70.555,$69.115
10/04/2024,$68.51,4340555,$68.41,$68.845,$68.10
10/03/2024,$68.46,3988747,$67.60,$68.56,$67.36
10/02/2024,$67.82,4078640,$68.30,$68.3989,$67.335
10/01/2024,$66.87,7269776,$65.65,$67.19,$65.53
09/30/2024,$65.95,7797171,$65.94,$66.23,$65.68
09/27/2024,$66.11,4086283,$65.64,$66.21,$65.59
09/26/2024,$65.34,10901000,$64.93,$65.73,$64.80
09/25/2024,$68.02,3492400,$68.83,$68.895,$67.7809
09/24/2024,$69.41,2959174,$69.55,$69.74,$69.295
09/23/2024,$69.08,3656096,$69.06,$69.645,$68.845
09/20/2024,$68.72,3218593,$68.72,$69.02,$68.27
09/19/2024,$69.17,4057702,$69.12,$69.63,$68.81
09/18/2024,$68.17,3039792,$68.37,$68.74,$67.97
09/17/2024,$68.15,3836071,$67.94,$68.325,$67.85
09/16/2024,$68.06,2863064,$67.92,$68.18,$67.44
09/13/2024,$67.45,3318506,$67.44,$67.855,$67.245
09/12/2024,$66.98,5195943,$66.39,$67.18,$66.10
09/11/2024,$66.21,5704505,$66.81,$66.84,$65.605
09/10/2024,$65.90,10275510,$67.31,$67.34,$63.73
09/09/2024,$67.43,4239748,$67.02,$67.775,$66.97
09/06/2024,$66.91,5196362,$67.83,$68.06,$66.645
09/05/2024,$68.12,3320047,$68.89,$69.035,$68.04
09/04/2024,$68.51,5955976,$68.80,$69.27,$68.37
09/03/2024,$69.38,4175894,$69.70,$69.84,$69.13
08/30/2024,$71.66,3847106,$71.09,$71.67,$70.805
08/29/2024,$72.52,2711722,$71.98,$72.55,$71.77
08/28/2024,$71.95,2986711,$71.71,$72.135,$71.47
08/27/2024,$72.64,2693914,$72.87,$72.915,$72.39
08/26/2024,$73.07,2252030,$72.93,$73.40,$72.87
08/23/2024,$72.43,3512937,$71.65,$72.5275,$71.64
08/22/2024,$71.45,2094303,$71.13,$71.565,$71.05
08/21/2024,$71.29,2121998,$71.44,$71.765,$71.20
08/20/2024,$71.40,3722995,$72.55,$72.55,$71.33
08/19/2024,$72.87,2706901,$72.94,$73.66,$72.735
08/16/2024,$72.68,3021388,$72.36,$72.74,$72.145
08/15/2024,$73.17,2748558,$73.21,$73.43,$72.925
08/14/2024,$72.92,2422763,$72.78,$73.01,$72.57
08/13/2024,$72.30,2564839,$72.17,$72.41,$71.745
08/12/2024,$72.42,2561235,$72.14,$72.57,$72.03
08/09/2024,$71.88,4546040,$71.07,$72.18,$70.805
08/08/2024,$71.35,2501145,$70.84,$71.655,$70.81
08/07/2024,$70.66,4165650,$70.56,$71.19,$70.53
08/06/2024,$69.72,6474368,$68.64,$70.06,$68.54
08/05/2024,$69.99,5357967,$68.93,$70.265,$68.59
08/02/2024,$71.68,4216225,$71.96,$72.19,$71.11
08/01/2024,$72.94,5673079,$73.96,$74.46,$72.10
07/31/2024,$73.22,4189661,$73.31,$73.53,$72.97
07/30/2024,$71.97,4550720,$71.18,$72.02,$71.09
07/29/2024,$71.84,2222286,$72.26,$72.27,$71.37
07/26/2024,$72.05,2821584,$72.04,$72.49,$71.65
07/25/2024,$72.09,5122833,$71.12,$72.555,$70.82
07/24/2024,$71.18,2800232,$71.74,$71.97,$71.15
07/23/2024,$71.31,2851808,$71.765,$71.78,$70.98
07/22/2024,$72.21,2981050,$72.44,$72.715,$72.18
07/19/2024,$72.25,3878567,$72.77,$72.96,$72.22
07/18/2024,$73.25,4577858,$73.76,$74.02,$73.05
07/17/2024,$73.28,2393805,$73.10,$73.485,$72.915
07/16/2024,$72.68,2527807,$72.40,$72.72,$71.8505
07/15/2024,$72.96,2373637,$73.38,$73.41,$72.94
07/12/2024,$73.08,1653098,$73.25,$73.33,$72.90
07/11/2024,$72.97,2302791,$72.78,$73.00,$72.46
07/10/2024,$72.93,1989494,$72.75,$72.9701,$72.50
07/09/2024,$72.58,2648559,$72.60,$73.0201,$72.42
07/08/2024,$72.72,2492700,$73.05,$73.24,$72.62
07/05/2024,$73.25,3754645,$73.94,$73.94,$73.10
07/03/2024,$73.01,1570244,$73.00,$73.53,$72.94
07/02/2024,$73.04,3041983,$73.15,$73.21,$72.65
07/01/2024,$72.87,3548532,$72.73,$73.16,$72.525
06/28/2024,$72.18,5230189,$71.98,$72.2989,$71.65
06/27/2024,$71.44,3650737,$71.67,$71.79,$71.15
06/26/2024,$70.86,4847041,$70.87,$71.02,$70.48
06/25/2024,$71.55,2562124,$71.58,$71.67,$71.22
06/24/2024,$71.42,3661056,$70.66,$71.595,$70.55
06/21/2024,$69.94,3306907,$70.11,$70.33,$69.79
06/20/2024,$70.03,3182240,$70.00,$70.58,$69.92
06/18/2024,$69.53,4162556,$69.55,$69.89,$69.455
06/17/2024,$69.15,5206625,$69.42,$69.47,$68.945
06/14/2024,$69.00,4109381,$69.35,$69.42,$68.56
06/13/2024,$69.76,3555578,$70.28,$70.28,$69.55
06/12/2024,$70.41,4147269,$71.27,$71.31,$70.23
06/11/2024,$70.29,3866629,$70.21,$70.33,$69.88
06/10/2024,$70.64,2629620,$69.96,$70.825,$69.77
06/07/2024,$69.45,2884229,$70.00,$70.33,$69.415
06/06/2024,$70.25,2759238,$69.93,$70.42,$69.80
06/05/2024,$69.81,2345469,$70.31,$70.34,$69.7001
06/04/2024,$70.09,3608313,$69.94,$70.14,$69.21
06/03/2024,$70.81,3495760,$72.64,$72.64,$70.78
05/31/2024,$72.78,3739175,$71.89,$72.82,$71.75
05/30/2024,$71.45,4123137,$71.19,$71.67,$71.16
05/29/2024,$71.45,3074933,$71.94,$71.95,$71.28
05/28/2024,$71.74,3078948,$71.36,$71.82,$71.04
05/24/2024,$70.82,2352149,$70.92,$71.15,$70.65
05/23/2024,$70.37,3029329,$71.07,$71.36,$70.1581
05/22/2024,$70.49,3504169,$70.90,$70.90,$70.19
05/21/2024,$71.40,2870551,$71.54,$71.85,$71.31
05/20/2024,$71.59,3816758,$71.64,$71.855,$71.475
05/17/2024,$71.92,4790547,$71.40,$71.99,$71.26
05/16/2024,$71.74,5038094,$72.19,$72.33,$71.72
05/15/2024,$73.30,4724607,$73.25,$73.495,$72.33
05/14/2024,$74.06,3327760,$73.87,$74.08,$73.38
05/13/2024,$74.17,3495386,$74.29,$74.605,$73.91
05/10/2024,$74.09,4451030,$74.15,$74.26,$73.88
05/09/2024,$73.55,4173306,$72.94,$73.62,$72.94
05/08/2024,$72.63,3138203,$72.30,$72.74,$72.065
05/07/2024,$72.97,3254813,$73.44,$73.56,$72.85
05/06/2024,$72.78,3585670,$72.79,$73.135,$72.62
05/03/2024,$72.37,4407390,$72.51,$72.57,$71.95
05/02/2024,$72.11,5134479,$72.12,$72.72,$71.98
05/01/2024,$70.95,4957347,$71.40,$71.55,$70.58
04/30/2024,$71.66,4276821,$72.92,$72.96,$71.61
04/29/2024,$73.12,3294253,$73.05,$73.305,$72.715
04/26/2024,$73.27,3880010,$73.17,$73.385,$72.68
04/25/2024,$73.27,4190457,$72.90,$73.50,$72.53
04/24/2024,$73.13,4563871,$73.08,$73.21,$72.59
04/23/2024,$72.77,3239783,$72.36,$72.875,$72.16
04/22/2024,$72.39,3634539,$71.99,$72.78,$71.5601
04/19/2024,$72.07,5567990,$70.73,$72.085,$70.65
04/18/2024,$71.03,3862612,$71.31,$71.5475,$70.77
04/17/2024,$71.14,4047598,$71.21,$71.72,$70.62
04/16/2024,$71.06,5079860,$71.54,$71.78,$70.84
04/15/2024,$71.94,7277935,$72.52,$72.715,$71.665
04/12/2024,$72.44,7385441,$73.45,$73.94,$72.275
04/11/2024,$72.66,4996448,$73.06,$73.09,$71.68
04/10/2024,$72.65,4666561,$72.30,$72.66,$71.92
04/09/2024,$71.84,4663489,$72.50,$72.72,$71.73
04/08/2024,$71.82,5096694,$71.40,$72.03,$71.19
04/05/2024,$71.29,4968577,$70.49,$71.41,$69.84
04/04/2024,$70.25,5377096,$70.49,$70.67,$69.99
04/03/2024,$70.09,6214206,$69.44,$70.12,$69.27
04/02/2024,$69.76,8048802,$68.63,$69.78,$68.535
04/01/2024,$67.92,3104385,$67.04,$68.01,$66.591
03/28/2024,$67.04,2876269,$66.86,$67.2375,$66.86
03/27/2024,$66.76,2813776,$66.39,$66.81,$66.29
03/26/2024,$66.76,3678928,$67.78,$67.79,$66.76
03/25/2024,$67.42,2918439,$67.21,$67.72,$67.21
03/22/2024,$66.92,2962685,$66.97,$66.98,$66.595
03/21/2024,$66.85,4038391,$67.25,$67.40,$66.84
03/20/2024,$66.93,3904170,$66.20,$67.06,$66.10
03/19/2024,$66.47,2776339,$66.28,$66.74,$66.25
03/18/2024,$66.14,3716208,$66.06,$66.285,$65.55
03/15/2024,$65.86,4216901,$65.68,$65.99,$65.445
03/14/2024,$65.78,4606613,$65.52,$65.78,$65.03
03/13/2024,$65.71,4646860,$65.00,$65.765,$64.98
03/12/2024,$64.51,3379014,$64.64,$64.92,$64.35
03/11/2024,$64.29,3219491,$64.01,$64.35,$63.715
03/08/2024,$64.32,2200250,$64.57,$64.64,$64.05
03/07/2024,$64.25,4214556,$63.93,$64.40,$63.81
03/06/2024,$63.85,4168220,$64.18,$64.3198,$63.77
03/05/2024,$62.87,3776959,$62.77,$63.2775,$62.6899
03/04/2024,$62.85,3194123,$63.56,$63.68,$62.84
03/01/2024,$63.56,4818352,$63.39,$63.90,$63.19
02/29/2024,$62.83,2914810,$63.08,$63.34,$62.69
02/28/2024,$62.58,4095859,$63.21,$63.46,$62.545
02/27/2024,$63.40,3225053,$63.66,$63.82,$63.33
02/26/2024,$63.38,6115259,$63.19,$63.52,$63.02
02/23/2024,$63.93,3176388,$63.84,$64.04,$63.385
02/22/2024,$64.13,5172043,$64.34,$64.465,$63.81
02/21/2024,$64.38,6747228,$63.76,$64.39,$63.60
02/20/2024,$63.62,7343288,$63.94,$63.94,$63.30
02/16/2024,$63.57,3977906,$63.60,$63.905,$63.4488
02/15/2024,$63.58,5497231,$62.06,$63.625,$62.03
02/14/2024,$63.43,3777604,$63.71,$63.975,$63.28
02/13/2024,$63.42,4707926,$64.12,$64.20,$63.13
02/12/2024,$64.15,4204223,$63.97,$64.255,$63.6501
02/09/2024,$63.74,3620567,$63.88,$64.17,$63.565
02/08/2024,$63.56,4720812,$63.25,$63.73,$63.22
02/07/2024,$63.56,4578603,$63.29,$63.62,$62.90
02/06/2024,$63.65,5139418,$63.12,$63.97,$63.08
02/05/2024,$62.98,4426312,$63.00,$63.165,$62.56
02/02/2024,$63.30,5547851,$63.75,$63.87,$63.005
02/01/2024,$64.08,10950790,$64.25,$64.98,$63.83
01/31/2024,$62.91,6776727,$63.57,$63.755,$62.80
01/30/2024,$63.89,4431459,$63.24,$64.05,$63.00
01/29/2024,$63.41,4660680,$63.22,$63.41,$62.71
01/26/2024,$63.17,5348091,$62.70,$63.23,$62.47
01/25/2024,$62.49,5787649,$61.81,$62.51,$61.40
01/24/2024,$61.46,5382358,$61.43,$61.70,$61.26
01/23/2024,$61.15,3955206,$60.77,$61.17,$60.74
01/22/2024,$61.18,4857336,$60.69,$61.29,$60.435
01/19/2024,$61.11,3884440,$61.28,$61.29,$60.75
01/18/2024,$61.35,6001278,$61.21,$61.39,$60.755
01/17/2024,$61.04,5755790,$60.64,$61.09,$60.337
01/16/2024,$61.76,5960886,$62.92,$63.08,$61.75
01/12/2024,$63.80,4422731,$64.10,$64.265,$63.495
01/11/2024,$63.20,6864320,$63.78,$63.79,$62.76
01/10/2024,$63.07,5538011,$63.70,$63.765,$62.895
01/09/2024,$63.90,4761449,$64.44,$64.49,$63.805
01/08/2024,$64.62,8500321,$64.91,$64.91,$64.175
01/05/2024,$65.73,6441927,$66.60,$66.77,$65.58
01/04/2024,$66.36,3420027,$67.33,$67.65,$66.32
01/03/2024,$66.93,4389824,$66.09,$67.09,$65.94
01/02/2024,$65.91,4934145,$65.86,$66.42,$65.67
12/29/2023,$65.80,3041426,$66.09,$66.12,$65.66
12/28/2023,$65.45,3227686,$66.04,$66.20,$65.445
12/27/2023,$66.13,3402886,$66.20,$66.36,$65.957
12/26/2023,$66.11,2649997,$65.92,$66.36,$65.85
12/22/2023,$65.81,3487230,$66.02,$66.205,$65.64
12/21/2023,$65.65,8997217,$65.57,$65.96,$65.305
12/20/2023,$65.06,7623867,$66.02,$66.36,$65.06
12/19/2023,$65.50,4870480,$65.37,$65.595,$65.15
12/18/2023,$64.71,4674660,$65.19,$65.37,$64.68
12/15/2023,$64.08,6033068,$64.70,$64.84,$64.05
12/14/2023,$65.49,6924106,$65.06,$65.61,$64.895
12/13/2023,$64.22,5627025,$63.62,$64.23,$63.08
12/12/2023,$63.70,5417771,$63.72,$63.96,$63.415
12/11/2023,$63.88,4608888,$64.13,$64.49,$63.795
12/08/2023,$64.14,5831511,$63.58,$64.275,$63.53
12/07/2023,$63.27,5329522,$63.39,$63.65,$63.0501
12/06/2023,$63.05,6464874,$64.11,$64.14,$63.03
12/05/2023,$64.16,6521106,$64.68,$64.905,$64.14
12/04/2023,$64.89,6188176,$64.86,$65.22,$64.61
12/01/2023,$65.43,6554278,$65.71,$66.24,$65.395
11/30/2023,$65.80,6604567,$66.49,$67.1379,$65.475
11/29/2023,$65.85,7969490,$66.04,$66.09,$65.53
11/28/2023,$66.00,3074245,$66.20,$66.50,$65.915
11/27/2023,$65.81,3559317,$66.16,$66.27,$65.665
11/24/2023,$65.99,2036330,$66.16,$66.65,$65.97
11/22/2023,$65.42,6170963,$64.47,$65.535,$64.19
11/21/2023,$66.52,3786288,$66.61,$66.785,$66.345
11/20/2023,$66.68,4445579,$66.60,$67.23,$66.455
11/17/2023,$65.87,4783860,$65.28,$66.21,$65.28
11/16/2023,$64.60,5498582,$64.66,$64.82,$64.20
11/15/2023,$65.95,3920916,$66.41,$66.7914,$65.94
11/14/2023,$66.37,3706054,$66.03,$66.63,$65.98
11/13/2023,$66.04,3929212,$65.59,$66.27,$65.475
11/10/2023,$65.60,4183932,$65.40,$65.675,$64.82
11/09/2023,$64.81,4520192,$64.69,$65.395,$64.685
11/08/2023,$64.42,6552348,$64.91,$65.15,$64.30
11/07/2023,$65.49,4288852,$65.89,$65.96,$65.305
11/06/2023,$66.83,4441875,$67.37,$67.45,$66.80
11/03/2023,$66.14,6737517,$66.82,$66.97,$65.925
11/02/2023,$68.55,6577759,$67.39,$68.74,$67.225
11/01/2023,$65.39,6488388,$65.51,$66.06,$65.155
10/31/2023,$65.14,8911754,$65.20,$65.815,$64.65
10/30/2023,$66.09,5004480,$66.55,$66.7479,$65.8932
10/27/2023,$66.36,6047687,$67.31,$67.43,$66.09
10/26/2023,$66.22,6078993,$66.35,$66.41,$65.765
10/25/2023,$66.86,4833452,$66.89,$67.18,$66.70
10/24/2023,$66.67,6852836,$67.27,$67.305,$66.535
10/23/2023,$67.07,9927224,$67.69,$67.72,$66.94
10/20/2023,$67.05,5387530,$67.71,$67.995,$67.02
10/19/2023,$68.10,6302041,$67.76,$68.41,$67.44
10/18/2023,$68.49,6260077,$68.42,$68.70,$68.09
10/17/2023,$68.48,6255736,$68.10,$68.72,$68.08
10/16/2023,$68.11,5770166,$68.02,$68.22,$67.61
10/13/2023,$67.38,8064370,$67.14,$67.615,$66.935
10/12/2023,$66.54,5893114,$66.48,$66.80,$65.995
10/11/2023,$66.35,6390396,$66.48,$66.66,$65.81
10/10/2023,$66.48,5700124,$66.03,$66.57,$65.845
10/09/2023,$66.12,7330905,$65.48,$66.13,$65.33
10/06/2023,$64.53,6938644,$63.59,$64.67,$63.06
10/05/2023,$62.66,5707383,$61.66,$62.66,$61.65
10/04/2023,$62.04,8040217,$62.61,$62.64,$61.59
10/03/2023,$63.37,4414530,$63.30,$63.445,$62.84
10/02/2023,$63.36,5976742,$64.55,$64.62,$63.11
09/29/2023,$64.38,7010794,$65.42,$65.45,$64.14
09/28/2023,$65.82,6326736,$65.09,$65.96,$65.09
09/27/2023,$64.92,5079809,$64.50,$65.035,$64.34
09/26/2023,$63.91,3187826,$64.15,$64.47,$63.785
09/25/2023,$64.71,2845251,$64.41,$64.82,$64.05
09/22/2023,$64.52,5412388,$64.98,$65.27,$64.48
09/21/2023,$64.46,6842505,$65.13,$65.375,$64.43
09/20/2023,$64.93,12779340,$64.97,$65.54,$64.7426
09/19/2023,$65.17,5506664,$65.60,$65.725,$65.09
09/18/2023,$65.23,3410816,$65.11,$65.26,$64.76
09/15/2023,$64.65,4787592,$64.94,$65.34,$64.61
09/14/2023,$65.34,7459641,$64.40,$65.37,$64.36
09/13/2023,$63.93,4737805,$64.24,$64.265,$63.65
09/12/2023,$64.07,5717953,$63.58,$64.15,$63.58
09/11/2023,$63.52,4328969,$63.88,$64.02,$63.36
09/08/2023,$63.20,4476333,$63.00,$63.64,$62.91
09/07/2023,$63.03,3041259,$63.28,$63.53,$63.03
09/06/2023,$63.39,3640134,$63.03,$63.58,$62.9401
09/05/2023,$62.85,3944605,$63.29,$63.565,$62.635
09/01/2023,$62.85,2924792,$63.01,$63.16,$62.475
08/31/2023,$62.09,3051592,$62.44,$62.44,$61.885
08/30/2023,$62.24,2464087,$62.44,$62.56,$62.14
08/29/2023,$62.01,2925694,$61.60,$62.025,$61.29
08/28/2023,$61.42,2405541,$61.24,$61.63,$61.11
08/25/2023,$61.03,3417173,$61.05,$61.16,$60.575
08/24/2023,$60.46,2915432,$60.47,$60.94,$60.42
08/23/2023,$60.73,2818815,$60.61,$60.97,$60.125
08/22/2023,$60.93,2903838,$61.47,$61.53,$60.88
08/21/2023,$61.42,2906847,$61.58,$61.71,$61.06
08/18/2023,$61.20,3627689,$60.39,$61.23,$60.266
08/17/2023,$60.99,4099843,$61.45,$61.68,$60.831
08/16/2023,$60.68,5011595,$60.70,$61.19,$60.65
08/15/2023,$60.93,4170397,$61.44,$61.53,$60.835
08/14/2023,$61.56,4733411,$61.44,$61.72,$61.10
08/11/2023,$62.42,4513205,$61.63,$62.465,$61.63
08/10/2023,$62.32,3763521,$62.64,$63.095,$62.205
08/09/2023,$62.52,4999187,$62.28,$62.78,$62.24
08/08/2023,$61.68,3694454,$60.70,$61.74,$60.34
08/07/2023,$61.44,3972654,$61.55,$61.65,$61.215
08/04/2023,$61.15,4267497,$61.20,$61.985,$61.09
08/03/2023,$60.59,4607290,$59.83,$60.7299,$59.585
08/02/2023,$59.92,5583412,$60.36,$60.43,$59.505
08/01/2023,$61.02,4749446,$61.22,$61.435,$60.66
07/31/2023,$61.63,5239894,$61.40,$61.92,$61.31
07/28/2023,$60.94,3903043,$60.81,$61.33,$60.61
07/27/2023,$60.80,7348255,$61.59,$61.88,$60.68
07/26/2023,$62.62,4484023,$62.32,$62.785,$62.225
07/25/2023,$63.03,4895979,$62.67,$63.23,$62.30
07/24/2023,$63.38,5758797,$62.89,$63.69,$62.86
07/21/2023,$62.97,4425165,$62.82,$62.98,$62.58
07/20/2023,$62.60,3701146,$62.35,$62.68,$62.15
07/19/2023,$61.73,4085140,$61.46,$61.8979,$61.395
07/18/2023,$61.04,5030586,$60.87,$61.435,$60.77
07/17/2023,$60.81,5324870,$61.22,$61.32,$60.81
07/14/2023,$60.68,6420971,$62.30,$62.30,$60.62
07/13/2023,$62.11,5043050,$62.31,$62.60,$61.9201
07/12/2023,$61.79,4888022,$62.07,$62.30,$61.60
07/11/2023,$60.87,4291898,$60.20,$60.89,$60.20
07/10/2023,$59.92,3409529,$59.76,$60.295,$59.71
07/07/2023,$59.65,4802897,$58.61,$59.92,$58.58
07/06/2023,$58.53,4478856,$58.88,$59.07,$58.14
07/05/2023,$59.86,4406581,$60.68,$60.73,$59.73
07/03/2023,$60.86,3121855,$61.26,$61.31,$60.72
06/30/2023,$60.38,4458981,$60.32,$60.57,$60.02
06/29/2023,$59.85,3848775,$59.60,$59.98,$59.435
06/28/2023,$59.64,3701046,$59.34,$59.755,$58.86
06/27/2023,$59.94,3459483,$60.11,$60.17,$59.67
06/26/2023,$60.20,3074750,$60.12,$60.54,$60.09
06/23/2023,$59.60,4421843,$59.72,$60.185,$59.535
06/22/2023,$60.09,3548701,$60.27,$60.471,$60.06
06/21/2023,$60.75,4866331,$60.07,$61.17,$60.03
06/20/2023,$60.33,4645056,$60.33,$60.38,$59.58
06/16/2023,$60.35,6410520,$60.60,$60.965,$60.22
06/15/2023,$60.68,8191054,$59.90,$61.09,$59.82
06/14/2023,$59.36,7493266,$59.58,$59.99,$58.96
06/13/2023,$58.39,5433135,$58.39,$59.10,$58.28
06/12/2023,$57.82,4920785,$58.01,$58.40,$57.55
06/09/2023,$58.43,3693359,$58.26,$58.77,$57.99
06/08/2023,$58.84,6165899,$58.41,$59.00,$58.06
06/07/2023,$58.20,6636455,$57.44,$58.315,$57.43
06/06/2023,$57.70,5449934,$56.36,$57.73,$56.31
06/05/2023,$57.71,4556609,$58.35,$58.4201,$57.565
06/02/2023,$58.26,4469082,$57.86,$58.45,$57.77
06/01/2023,$57.09,4418013,$56.18,$57.41,$56.03
05/31/2023,$56.00,6159243,$56.02,$56.33,$55.775
05/30/2023,$57.49,3343556,$57.50,$57.94,$57.215
05/26/2023,$58.78,3448964,$58.76,$58.92,$58.435
05/25/2023,$58.39,5200606,$58.46,$58.60,$57.94
05/24/2023,$59.54,4587894,$59.93,$60.04,$59.29
05/23/2023,$60.36,3265973,$60.37,$60.77,$60.09
05/22/2023,$60.03,2964172,$60.12,$60.44,$59.985
05/19/2023,$60.42,3615164,$60.75,$60.955,$60.29
05/18/2023,$60.06,5674548,$60.43,$60.44,$59.58
05/17/2023,$60.79,3782456,$60.42,$60.965,$59.99
05/16/2023,$59.91,3547073,$60.34,$60.73,$59.855
05/15/2023,$60.92,2691564,$60.58,$61.15,$60.40
05/12/2023,$60.36,3007570,$60.76,$61.07,$60.14
05/11/2023,$60.34,3202373,$59.85,$60.42,$59.52
05/10/2023,$61.00,3668686,$61.56,$61.59,$60.63
05/09/2023,$60.84,3929929,$59.96,$61.135,$59.825
05/08/2023,$60.86,4120153,$61.88,$61.98,$60.77
05/05/2023,$61.13,4957648,$60.48,$61.39,$60.47
05/04/2023,$59.34,6873805,$59.33,$60.15,$59.09
05/03/2023,$58.52,6056727,$58.42,$59.09,$58.25
05/02/2023,$59.25,8409357,$60.56,$60.58,$58.625
05/01/2023,$61.38,2492270,$61.46,$62.03,$61.175
04/28/2023,$61.98,4411813,$60.81,$62.23,$60.61
04/27/2023,$60.68,4111200,$60.14,$60.93,$60.03
04/26/2023,$60.49,3463368,$61.30,$61.451,$60.28
04/25/2023,$60.71,4815114,$61.53,$61.58,$60.28
04/24/2023,$62.00,3193965,$61.26,$62.07,$61.23
04/21/2023,$61.46,3703752,$61.44,$61.58,$61.12
04/20/2023,$61.65,4531069,$60.85,$61.66,$60.83
04/19/2023,$61.50,3729779,$61.46,$61.64,$61.26
04/18/2023,$61.91,3430240,$61.40,$61.9506,$61.24
04/17/2023,$61.49,3913338,$61.57,$61.69,$61.20
04/14/2023,$62.06,3596442,$62.11,$62.31,$61.65
04/13/2023,$62.07,3582535,$61.75,$62.145,$61.56
04/12/2023,$61.38,4039765,$61.69,$61.84,$61.255
04/11/2023,$60.78,3807005,$61.00,$61.095,$60.715
04/10/2023,$60.80,2851074,$60.23,$60.955,$60.23
04/06/2023,$60.57,4338182,$60.47,$60.88,$60.13
04/05/2023,$59.87,3738038,$59.70,$59.91,$59.01
04/04/2023,$59.50,5158938,$60.20,$60.21,$59.11
04/03/2023,$60.51,7789641,$60.75,$61.1301,$60.00
03/31/2023,$57.54,5167569,$57.55,$57.79,$57.36
03/30/2023,$57.94,3522244,$58.11,$58.13,$57.53
03/29/2023,$57.12,3250394,$57.14,$57.15,$56.77
03/28/2023,$56.17,5304799,$55.60,$56.56,$55.53
03/27/2023,$55.84,4769003,$55.19,$56.077,$54.87
03/24/2023,$54.57,9647766,$53.95,$54.825,$53.74
03/23/2023,$55.97,7506495,$56.99,$57.35,$55.545
03/22/2023,$56.85,7104574,$56.98,$57.955,$56.83
03/21/2023,$57.12,7023901,$57.17,$57.44,$56.325
03/20/2023,$55.24,5500597,$54.76,$55.63,$54.48
03/17/2023,$53.95,8845638,$54.55,$54.705,$53.58
03/16/2023,$54.64,12526150,$53.07,$54.71,$52.47
03/15/2023,$55.55,11421320,$55.57,$56.02,$54.51
03/14/2023,$59.40,4932262,$59.39,$60.38,$58.835
03/13/2023,$59.10,6706667,$58.31,$60.16,$58.08
03/10/2023,$60.36,4493262,$61.25,$61.6931,$60.19
03/09/2023,$60.66,3348425,$61.25,$61.67,$60.54
03/08/2023,$61.37,2837335,$61.51,$61.93,$61.02
03/07/2023,$61.60,3146586,$62.35,$62.36,$61.32
03/06/2023,$62.57,3306147,$62.31,$62.73,$62.16
03/03/2023,$62.30,4237293,$61.42,$62.4166,$61.30
03/02/2023,$62.42,4041439,$61.52,$62.495,$61.37
03/01/2023,$61.94,4300198,$61.50,$62.08,$61.25
02/28/2023,$60.77,5055244,$61.58,$61.60,$60.75
02/27/2023,$61.20,4710210,$60.90,$61.545,$60.59
02/24/2023,$60.63,5069046,$59.57,$60.69,$59.34
02/23/2023,$60.26,4144024,$59.81,$60.44,$59.6235
02/22/2023,$58.95,4332574,$59.61,$59.725,$58.675
02/21/2023,$60.07,3071355,$60.14,$60.50,$60.05
02/17/2023,$60.66,5071012,$61.13,$61.22,$60.50
02/16/2023,$61.90,5075158,$61.71,$62.38,$61.59
02/15/2023,$62.46,6946412,$62.01,$62.57,$61.635
02/14/2023,$62.58,5795144,$61.87,$62.75,$61.72
02/13/2023,$61.83,4526171,$61.55,$61.99,$61.37
02/10/2023,$61.76,7372318,$60.95,$61.855,$60.76
02/09/2023,$59.79,4918346,$60.17,$60.338,$59.725
02/08/2023,$59.47,5212568,$59.63,$59.88,$58.84
02/07/2023,$59.61,4831599,$58.31,$59.72,$58.24
02/06/2023,$57.85,5409777,$58.00,$58.19,$57.205
02/03/2023,$58.30,5750011,$58.16,$59.13,$57.96
02/02/2023,$57.63,9676816,$59.63,$59.64,$56.91
02/01/2023,$58.32,5282193,$58.68,$58.89,$57.50
01/31/2023,$58.81,3360666,$58.18,$58.875,$57.78
01/30/2023,$58.41,3953046,$58.72,$58.9024,$58.305
01/27/2023,$58.51,2599115,$58.94,$59.18,$58.40
01/26/2023,$58.52,3815540,$58.23,$58.666,$57.64
01/25/2023,$57.84,4033854,$57.78,$57.99,$57.28
01/24/2023,$57.99,3125185,$56.26,$58.40,$56.26
01/23/2023,$58.63,3219155,$58.365,$58.83,$58.35
01/20/2023,$58.90,4272295,$58.49,$58.99,$58.155
01/19/2023,$59.13,3563568,$58.35,$59.21,$58.155
01/18/2023,$58.39,4893268,$60.02,$60.14,$58.325
01/17/2023,$59.40,3301583,$59.63,$60.12,$59.245
01/13/2023,$59.61,3619767,$59.59,$59.95,$59.41
01/12/2023,$59.62,3942425,$59.13,$59.775,$58.69
01/11/2023,$58.93,3113956,$58.73,$58.96,$58.32
01/10/2023,$58.37,3475500,$57.95,$58.4769,$57.69
01/09/2023,$58.07,4939246,$58.16,$58.601,$57.70
01/06/2023,$57.25,5845518,$56.12,$57.285,$56.04
01/05/2023,$55.48,4266050,$54.99,$55.5697,$54.97
01/04/2023,$55.43,5712988,$55.81,$55.97,$55.13
01/03/2023,$55.98,7766476,$57.47,$57.795,$55.94
12/30/2022,$56.95,2068550,$56.48,$56.97,$56.46
12/29/2022,$56.67,3415063,$56.89,$57.05,$56.67
12/28/2022,$56.56,4140448,$57.93,$57.93,$56.39
12/27/2022,$57.87,2395120,$57.85,$58.04,$57.59
12/23/2022,$57.78,2572147,$57.16,$57.78,$56.955
12/22/2022,$56.74,3748871,$57.46,$57.60,$55.97
12/21/2022,$57.60,4917419,$57.24,$57.76,$56.72
12/20/2022,$56.13,4430725,$55.98,$56.53,$55.78
12/19/2022,$55.52,5096775,$56.24,$56.34,$55.29
12/16/2022,$54.96,6956962,$54.94,$55.26,$54.40
12/15/2022,$56.15,6087661,$56.76,$56.90,$55.78
12/14/2022,$56.76,4325588,$57.38,$57.48,$56.54
12/13/2022,$57.38,5091499,$57.37,$57.745,$57.15
12/12/2022,$56.36,4491861,$56.06,$56.565,$55.88
12/09/2022,$55.61,4283357,$56.27,$56.78,$55.61
12/08/2022,$56.59,4571387,$57.21,$57.435,$56.37
12/07/2022,$56.35,5444943,$56.96,$57.32,$56.35
12/06/2022,$56.68,6428901,$57.52,$58.03,$56.51
12/05/2022,$57.40,5917006,$58.77,$58.97,$57.105
12/02/2022,$57.72,3510813,$57.72,$58.21,$57.485
12/01/2022,$58.05,4084642,$58.69,$58.77,$57.91
11/30/2022,$58.47,5377406,$58.47,$58.74,$57.8562
11/29/2022,$57.62,4289617,$57.27,$58.03,$57.27
11/28/2022,$56.49,3806189,$56.49,$57.055,$56.255
11/25/2022,$56.82,1500910,$57.00,$57.54,$56.78
11/23/2022,$56.83,3203577,$56.32,$57.00,$56.11
11/22/2022,$56.82,3419207,$56.00,$56.95,$55.72
11/21/2022,$54.69,4371219,$54.71,$54.83,$53.5101
11/18/2022,$55.94,3367940,$55.87,$56.145,$55.14
11/17/2022,$56.69,4534539,$55.71,$56.75,$55.51
11/16/2022,$55.82,4272507,$56.62,$56.73,$55.6689
11/15/2022,$56.28,4948655,$56.27,$56.67,$55.95
11/14/2022,$54.66,3393581,$54.97,$55.41,$54.66
11/11/2022,$55.77,5480342,$55.59,$55.995,$55.175
11/10/2022,$53.88,5155983,$54.49,$54.74,$53.56
11/09/2022,$53.11,5612875,$54.30,$54.52,$53.035
11/08/2022,$56.21,4022750,$56.12,$56.52,$55.84
11/07/2022,$56.86,4806178,$57.28,$57.44,$56.84
11/04/2022,$57.06,6535189,$57.28,$57.665,$56.66
11/03/2022,$55.73,3795150,$54.78,$55.87,$54.599
11/02/2022,$54.91,3919461,$55.95,$56.045,$54.84
11/01/2022,$55.84,4792770,$56.92,$56.95,$55.80
10/31/2022,$55.63,5838825,$55.10,$55.995,$54.875
10/28/2022,$56.18,5940751,$56.48,$56.68,$55.83
10/27/2022,$56.01,7316421,$55.87,$56.7307,$55.85
10/26/2022,$53.31,5667610,$52.59,$53.74,$52.59
10/25/2022,$52.81,3074376,$52.73,$53.01,$52.48
10/24/2022,$52.94,3832212,$52.61,$53.47,$52.49
10/21/2022,$52.99,3219369,$51.76,$52.99,$51.59
10/20/2022,$52.02,4362973,$52.37,$52.73,$51.74
10/19/2022,$51.74,5001210,$51.00,$51.925,$50.88
10/18/2022,$51.44,3773047,$51.60,$51.70,$50.81
10/17/2022,$51.41,4588346,$51.37,$51.95,$51.31
10/14/2022,$50.53,5436625,$51.43,$51.59,$50.47
10/13/2022,$52.19,9291623,$50.32,$52.495,$50.32
10/12/2022,$50.32,4001576,$50.01,$50.725,$49.7242
10/11/2022,$50.18,4254453,$50.73,$51.25,$50.06
10/10/2022,$51.16,3820625,$51.79,$52.03,$51.12
10/07/2022,$51.97,6085787,$52.14,$52.63,$51.64
10/06/2022,$51.67,12213510,$51.04,$52.03,$50.88
10/05/2022,$54.02,8350326,$53.35,$54.355,$52.96
10/04/2022,$53.68,6284299,$52.81,$53.945,$52.66
10/03/2022,$52.33,5853257,$51.45,$52.56,$51.36
09/30/2022,$49.76,5161419,$49.67,$50.405,$49.50
09/29/2022,$50.08,5373180,$49.00,$50.13,$48.67
09/28/2022,$49.61,4654751,$48.04,$49.80,$47.92
09/27/2022,$48.07,7080110,$48.00,$49.00,$47.615
09/26/2022,$46.80,6456265,$47.22,$48.22,$46.741
09/23/2022,$48.11,9922917,$49.56,$49.59,$47.94
09/22/2022,$52.34,3480027,$53.05,$53.39,$52.34
09/21/2022,$52.33,5108911,$53.45,$53.59,$52.30
09/20/2022,$52.85,6354990,$52.53,$52.865,$52.205
09/19/2022,$52.49,4662563,$51.94,$52.89,$51.88
09/16/2022,$52.54,4879017,$52.45,$52.81,$51.995
09/15/2022,$53.10,5740218,$53.27,$53.545,$52.89
09/14/2022,$54.21,4348513,$53.85,$54.48,$53.73
09/13/2022,$53.17,4747975,$53.70,$54.215,$52.99
09/12/2022,$53.97,4736263,$54.26,$54.565,$53.885
09/09/2022,$53.65,5154250,$53.40,$53.74,$53.165
09/08/2022,$52.16,6255961,$51.82,$52.39,$51.75
09/07/2022,$52.19,5655508,$52.04,$52.31,$51.54
09/06/2022,$52.80,5131494,$53.46,$53.59,$52.705
09/02/2022,$53.23,5595494,$53.80,$54.04,$53.06
09/01/2022,$52.40,6334794,$52.80,$52.86,$52.115
08/31/2022,$52.98,6568531,$52.46,$53.665,$52.35
08/30/2022,$54.40,7494213,$54.65,$54.70,$54.055
08/29/2022,$55.66,4905028,$54.90,$56.18,$54.87
08/26/2022,$54.88,3475573,$55.18,$55.58,$54.717
08/25/2022,$54.74,3636080,$54.95,$55.10,$54.54
08/24/2022,$54.44,6480483,$54.16,$54.575,$53.93
08/23/2022,$55.05,5418352,$53.84,$55.14,$53.79
08/22/2022,$52.85,4490994,$52.84,$53.18,$52.275
08/19/2022,$52.86,4321446,$53.25,$53.48,$52.80
08/18/2022,$53.69,8550633,$52.77,$53.795,$52.75
08/17/2022,$52.91,3311105,$52.41,$53.10,$52.22
08/16/2022,$52.74,3075603,$52.81,$53.13,$52.37
08/15/2022,$53.03,4377917,$52.15,$53.12,$51.76
08/12/2022,$54.29,3993983,$53.52,$54.30,$53.27
08/11/2022,$53.93,5705225,$53.93,$54.33,$53.835
08/10/2022,$53.13,4137914,$53.17,$53.286,$52.385
08/09/2022,$52.52,4099243,$53.20,$53.46,$52.38
08/08/2022,$51.97,3552307,$52.69,$52.86,$51.93
08/05/2022,$51.89,5334488,$50.88,$52.185,$50.81
08/04/2022,$51.09,5002827,$52.15,$52.21,$50.93
08/03/2022,$52.36,3641379,$53.56,$53.58,$52.09
08/02/2022,$52.72,4492498,$53.02,$53.255,$52.42
08/01/2022,$52.36,4318655,$52.80,$52.905,$52.14
07/29/2022,$53.38,6104532,$51.90,$53.50,$51.86
07/28/2022,$51.49,5117847,$52.26,$52.45,$51.15
07/27/2022,$51.42,4372980,$50.78,$51.685,$50.335
07/26/2022,$50.06,3320831,$50.585,$50.74,$49.94
07/25/2022,$50.19,3860029,$49.09,$50.24,$48.82
07/22/2022,$48.79,3076278,$48.80,$49.39,$48.435
07/21/2022,$48.98,2829536,$48.10,$49.006,$47.75
07/20/2022,$49.30,3487714,$49.25,$49.46,$48.89
07/19/2022,$49.53,4083954,$48.72,$49.585,$48.64
07/18/2022,$48.56,3784553,$49.19,$49.5252,$48.395
07/15/2022,$47.47,3387771,$47.38,$47.705,$46.92
07/14/2022,$46.14,6488544,$45.33,$46.185,$44.90
07/13/2022,$47.78,3826933,$47.03,$48.16,$47.03
07/12/2022,$47.69,5053400,$47.29,$47.82,$47.055
07/11/2022,$48.34,3112642,$48.31,$48.6845,$47.86
07/08/2022,$49.05,3199816,$49.54,$49.76,$48.525
07/07/2022,$48.95,6000652,$48.88,$49.215,$48.655
07/06/2022,$48.01,8138051,$48.08,$48.67,$46.5391
07/05/2022,$48.60,9624618,$50.00,$50.1002,$47.75
07/01/2022,$51.90,5051171,$51.57,$52.04,$50.22
06/30/2022,$52.29,6278638,$52.10,$52.40,$51.22
06/29/2022,$52.60,5708927,$54.12,$54.30,$52.555
06/28/2022,$53.15,5403257,$53.44,$53.66,$52.60
06/27/2022,$51.84,4882931,$51.65,$52.25,$51.41
06/24/2022,$50.91,4831652,$50.47,$51.36,$50.24
06/23/2022,$49.17,7500100,$50.84,$50.90,$48.64
06/22/2022,$50.83,5231164,$50.71,$51.43,$50.37
06/21/2022,$52.45,5114772,$52.52,$52.9499,$52.23
06/17/2022,$49.93,10816460,$51.77,$51.99,$49.521
06/16/2022,$52.40,8441172,$52.68,$53.3494,$52.325
06/15/2022,$54.96,4413440,$55.23,$55.52,$53.84
06/14/2022,$54.94,6042633,$55.91,$56.37,$54.31
06/13/2022,$55.92,9485021,$56.00,$56.88,$55.0343
06/10/2022,$57.98,6548299,$57.94,$58.24,$57.47
06/09/2022,$59.53,3478023,$60.74,$60.86,$59.51
06/08/2022,$61.29,5538815,$60.83,$61.67,$60.75
06/07/2022,$61.55,5188308,$60.20,$61.675,$60.17
06/06/2022,$60.12,4211713,$60.42,$60.58,$59.8813
06/03/2022,$59.66,2645475,$58.93,$59.72,$58.93
06/02/2022,$59.24,3395874,$58.83,$59.66,$58.69
06/01/2022,$59.73,4058887,$59.63,$60.02,$58.9161
05/31/2022,$59.22,5117038,$60.74,$60.85,$59.145
05/27/2022,$60.02,3907640,$59.70,$60.265,$59.45
05/26/2022,$60.12,6775039,$60.46,$60.74,$59.765
05/25/2022,$60.36,5567944,$59.83,$60.6584,$59.39
05/24/2022,$59.94,5028530,$59.12,$60.08,$58.87
05/23/2022,$60.01,7815063,$59.51,$60.18,$59.36
05/20/2022,$58.34,4415066,$58.95,$59.29,$57.42
05/19/2022,$58.55,6387759,$57.72,$59.21,$57.64
05/18/2022,$58.42,7162156,$59.45,$59.7191,$58.14
05/17/2022,$58.54,5860757,$58.63,$58.86,$58.20
05/16/2022,$58.06,5929102,$56.85,$58.23,$56.73
05/13/2022,$56.70,3838356,$55.53,$56.82,$55.53
05/12/2022,$55.22,4931857,$55.10,$55.28,$54.38
05/11/2022,$55.87,4008574,$56.36,$57.33,$55.71
05/10/2022,$54.94,5537659,$54.96,$55.75,$54.05
05/09/2022,$54.35,6491645,$55.96,$56.00,$54.20
05/06/2022,$57.70,4531795,$57.34,$57.72,$56.42
05/05/2022,$56.94,5112479,$57.40,$57.56,$55.86
05/04/2022,$56.97,4293698,$56.26,$57.08,$55.49
05/03/2022,$55.64,5157360,$54.68,$55.77,$54.59
05/02/2022,$53.73,5134073,$52.78,$53.785,$52.31
04/29/2022,$53.43,4846395,$54.58,$54.88,$53.275
04/28/2022,$54.97,3690420,$54.43,$55.09,$53.70
04/27/2022,$53.80,4166169,$53.26,$54.05,$52.80
04/26/2022,$53.05,6852016,$53.13,$54.09,$52.85
04/25/2022,$53.78,6266597,$53.70,$54.09,$52.24
04/22/2022,$55.49,4946514,$56.54,$56.98,$55.225
04/21/2022,$56.71,4190512,$57.88,$58.1786,$56.58
04/20/2022,$57.87,3312228,$57.75,$57.99,$57.43
04/19/2022,$58.09,5836152,$57.89,$58.68,$57.73
04/18/2022,$57.33,3278359,$57.25,$57.77,$56.83
04/14/2022,$57.11,4069957,$57.04,$57.475,$56.8798
04/13/2022,$57.04,5328023,$57.00,$57.21,$56.57
04/12/2022,$55.99,4915839,$56.24,$56.73,$55.72
04/11/2022,$55.32,3854997,$56.09,$56.13,$55.03
04/08/2022,$56.09,5355716,$55.61,$56.475,$55.60
04/07/2022,$55.42,4027549,$55.02,$55.45,$54.19
04/06/2022,$55.30,4454857,$55.72,$55.94,$54.96
04/05/2022,$54.91,4109512,$55.49,$55.87,$54.79
04/04/2022,$55.82,4195180,$55.82,$55.99,$55.15
04/01/2022,$55.72,2749935,$54.95,$55.73,$54.81
03/31/2022,$54.93,4847557,$55.42,$55.76,$54.92
03/30/2022,$55.61,6248280,$54.99,$55.65,$54.95
03/29/2022,$53.45,4367057,$53.38,$53.585,$52.72
03/28/2022,$53.98,4470739,$54.64,$54.73,$53.84
03/25/2022,$55.59,3382397,$54.97,$55.93,$54.95
03/24/2022,$55.02,3481585,$55.20,$55.49,$54.70
03/23/2022,$54.74,6422804,$54.48,$55.15,$54.3217
03/22/2022,$53.07,3774836,$53.69,$53.69,$52.96
03/21/2022,$53.44,6035040,$52.70,$53.51,$52.68
03/18/2022,$51.16,4219642,$50.87,$51.44,$50.38
03/17/2022,$51.87,4129320,$50.90,$51.89,$50.63
03/16/2022,$50.23,4438390,$50.20,$50.39,$49.53
03/15/2022,$50.35,5137068,$49.67,$50.67,$49.08
03/14/2022,$49.96,4286894,$50.595,$52.21,$49.66
03/11/2022,$50.93,3223905,$51.32,$51.74,$50.77
03/10/2022,$51.69,4356648,$51.62,$51.97,$51.09
03/09/2022,$51.71,6690657,$52.75,$53.00,$51.46
03/08/2022,$52.94,8842615,$53.03,$53.80,$51.24
03/07/2022,$51.56,8597885,$52.20,$52.51,$50.70
03/04/2022,$49.39,8464598,$50.20,$50.37,$48.27
03/03/2022,$51.35,6765820,$52.85,$53.20,$51.1827
03/02/2022,$54.62,9763061,$54.49,$55.12,$54.16
03/01/2022,$51.77,10689740,$52.20,$52.95,$51.2932
02/28/2022,$52.39,8833744,$52.17,$53.33,$51.63
02/25/2022,$54.21,5797722,$52.86,$54.34,$52.78
02/24/2022,$51.59,7017532,$53.49,$53.71,$50.68
02/23/2022,$52.63,3805490,$52.96,$53.1635,$52.40
02/22/2022,$52.67,3382529,$53.65,$53.90,$52.09
02/18/2022,$53.24,2874787,$53.24,$53.49,$52.83
02/17/2022,$53.63,2709933,$53.82,$54.00,$53.13
02/16/2022,$54.04,4217901,$54.48,$55.02,$53.975
02/15/2022,$53.47,3848897,$52.83,$53.73,$52.59
02/14/2022,$54.38,4360596,$54.38,$54.58,$53.71
02/11/2022,$55.21,4016099,$54.85,$55.73,$54.7259
02/10/2022,$54.52,5972711,$54.04,$55.25,$54.03
02/09/2022,$54.76,3097417,$54.42,$55.27,$54.28
02/08/2022,$54.65,4771449,$55.38,$55.46,$53.98
02/07/2022,$55.71,4494406,$55.73,$56.13,$55.31
02/04/2022,$55.10,6047876,$54.77,$55.28,$54.63
02/03/2022,$53.91,5748489,$53.09,$53.99,$52.68
02/02/2022,$53.25,4255632,$52.76,$53.29,$52.34
02/01/2022,$52.68,2426093,$51.59,$52.73,$51.473
01/31/2022,$51.40,752914,$50.60,$51.40,$50.32
01/28/2022,$51.04,6757736,$50.90,$51.20,$50.305
01/27/2022,$51.11,6007013,$51.80,$52.09,$50.65
01/26/2022,$50.91,6747433,$51.27,$51.69,$50.585
01/25/2022,$49.74,5846684,$48.24,$50.00,$47.70
01/24/2022,$48.00,6992372,$47.25,$48.04,$46.37
01/21/2022,$48.65,6755567,$48.88,$49.06,$48.37
01/20/2022,$49.49,5513072,$49.55,$50.41,$49.48
01/19/2022,$50.80,4590968,$51.20,$51.28,$50.39
01/18/2022,$50.95,6091297,$51.00,$51.27,$50.315
01/14/2022,$50.05,5490115,$49.41,$50.11,$49.38
01/13/2022,$49.24,4097965,$49.49,$49.72,$49.085
01/12/2022,$49.30,5405231,$49.30,$49.52,$49.02
01/11/2022,$48.49,5288449,$47.35,$48.52,$47.18
01/10/2022,$47.01,4283586,$47.42,$47.65,$46.705
01/07/2022,$47.27,4616054,$46.82,$47.32,$46.49
01/06/2022,$46.74,5412441,$47.00,$47.06,$46.335
01/05/2022,$45.99,5352739,$46.72,$46.945,$45.97
01/04/2022,$45.97,6062476,$45.95,$46.27,$45.825
01/03/2022,$44.64,7286049,$44.04,$44.73,$43.96
12/31/2021,$43.40,2348383,$43.70,$43.80,$43.25
12/30/2021,$43.40,3539821,$43.92,$44.07,$43.39
12/29/2021,$43.68,3319381,$43.97,$44.21,$43.68
12/28/2021,$44.02,3656423,$44.19,$44.45,$43.85
12/27/2021,$44.33,2860791,$43.66,$44.34,$43.315
12/23/2021,$43.84,3037950,$44.00,$44.43,$43.78
12/22/2021,$43.52,3264642,$43.00,$43.63,$42.76
12/21/2021,$43.05,4630759,$42.39,$43.175,$42.39
12/20/2021,$41.93,4125955,$41.69,$41.95,$41.23
12/17/2021,$42.11,5935715,$42.68,$42.75,$42.095
12/16/2021,$42.86,4744518,$43.11,$43.53,$42.825
12/15/2021,$42.83,4013304,$42.58,$42.965,$42.035
12/14/2021,$42.68,4931628,$42.69,$43.345,$42.59
12/13/2021,$42.83,4141180,$43.22,$43.345,$42.70
12/10/2021,$44.15,4575450,$44.28,$44.35,$43.73
12/09/2021,$44.03,3996704,$44.13,$44.18,$43.70
12/08/2021,$44.60,5591581,$44.895,$45.12,$44.55
12/07/2021,$44.44,5092649,$44.66,$45.105,$44.30
12/06/2021,$44.49,4270646,$44.81,$44.83,$44.43
12/03/2021,$43.58,5333061,$44.25,$44.42,$43.315
12/02/2021,$43.87,8238228,$43.12,$44.07,$42.70
12/01/2021,$41.59,6006255,$43.02,$43.115,$41.56
11/30/2021,$42.04,6551435,$41.91,$42.30,$41.595
11/29/2021,$42.45,4648172,$43.21,$43.49,$42.40
11/26/2021,$42.07,7174453,$41.77,$42.15,$41.46
11/24/2021,$44.24,3031828,$43.60,$44.2885,$43.60
11/23/2021,$44.08,4515299,$43.46,$44.22,$43.40
11/22/2021,$43.13,5072671,$42.73,$43.57,$42.71
11/19/2021,$43.21,4642181,$43.63,$43.87,$43.04
11/18/2021,$45.07,4410293,$44.71,$45.13,$44.455
11/17/2021,$45.34,4750703,$45.22,$45.78,$45.10
11/16/2021,$45.59,4814834,$45.70,$45.92,$45.535
11/15/2021,$45.28,5912843,$44.885,$45.545,$44.56
11/12/2021,$44.17,2812039,$44.05,$44.31,$43.97
11/11/2021,$44.25,3845773,$44.50,$44.86,$44.24
11/10/2021,$44.45,4319005,$45.44,$45.59,$44.285
11/09/2021,$46.04,3490425,$45.99,$46.05,$45.295
11/08/2021,$45.79,3702953,$45.89,$46.17,$45.59
11/05/2021,$45.76,3898494,$45.68,$45.95,$45.285
11/04/2021,$44.87,6636011,$45.44,$45.54,$44.635
11/03/2021,$44.79,6074660,$44.53,$44.97,$44.45
11/02/2021,$45.40,4611937,$45.35,$45.55,$45.095
11/01/2021,$46.16,4981495,$46.37,$46.50,$45.905
10/29/2021,$45.92,7518569,$46.35,$46.71,$45.835
10/28/2021,$47.44,14544800,$48.00,$48.0608,$46.8114
10/27/2021,$49.97,16960470,$48.60,$50.75,$48.37
10/26/2021,$48.86,3395254,$49.21,$49.31,$48.625
10/25/2021,$49.06,4869868,$49.08,$49.28,$48.785
10/22/2021,$48.69,4391622,$48.64,$48.86,$48.17
10/21/2021,$48.85,4566315,$49.22,$49.40,$48.4671
10/20/2021,$49.44,6833117,$49.04,$49.77,$48.87
10/19/2021,$49.29,4475344,$49.16,$49.355,$48.93
10/18/2021,$48.60,5068382,$48.71,$48.94,$48.48
10/15/2021,$48.71,5178507,$48.69,$48.99,$48.56
10/14/2021,$48.09,5560309,$48.41,$48.45,$47.83
10/13/2021,$47.47,7010357,$46.80,$47.695,$46.63
10/12/2021,$47.01,5994923,$47.26,$47.55,$46.93
10/11/2021,$47.12,6026507,$47.46,$47.61,$47.0434
10/08/2021,$46.57,8666390,$46.59,$47.13,$46.57
10/07/2021,$46.03,7115014,$45.42,$46.225,$45.29
10/06/2021,$45.46,7143435,$45.515,$45.81,$45.08
10/05/2021,$46.53,6626148,$46.29,$46.83,$45.98
10/04/2021,$45.68,8077445,$45.84,$46.485,$45.57
10/01/2021,$45.39,5399585,$45.07,$45.519,$44.75
09/30/2021,$44.57,6267877,$44.88,$45.165,$44.40
09/29/2021,$44.57,5864205,$44.34,$44.7757,$43.955
09/28/2021,$44.47,9512505,$45.36,$45.41,$44.42
09/27/2021,$44.17,7267952,$43.44,$44.295,$43.41
09/24/2021,$41.98,5378687,$41.85,$42.23,$41.79
09/23/2021,$42.29,8434533,$41.77,$42.40,$41.60
09/22/2021,$41.24,6229359,$41.78,$41.96,$41.225
09/21/2021,$40.97,10815920,$41.39,$41.49,$40.645
09/20/2021,$39.49,5523782,$39.64,$39.83,$39.01
09/17/2021,$40.36,4509557,$40.76,$40.90,$40.10
09/16/2021,$40.86,3981661,$41.40,$41.40,$40.585
09/15/2021,$41.49,5699571,$40.82,$41.51,$40.80
09/14/2021,$40.11,5310356,$41.02,$41.035,$40.025
09/13/2021,$40.32,6071641,$40.00,$40.615,$40.00
09/10/2021,$39.47,3928830,$39.72,$39.82,$39.44
09/09/2021,$39.35,3886487,$39.33,$39.75,$39.17
09/08/2021,$39.53,3965063,$40.07,$40.29,$39.50
09/07/2021,$40.09,3110304,$40.00,$40.45,$39.935
09/03/2021,$40.15,3185750,$40.27,$40.42,$39.94
09/02/2021,$40.31,5691226,$39.99,$40.69,$39.96
09/01/2021,$39.60,4072820,$39.97,$40.04,$39.4749
08/31/2021,$39.76,3473380,$39.85,$40.05,$39.65
08/30/2021,$39.94,3404506,$40.24,$40.295,$39.935
08/27/2021,$40.30,4245367,$39.74,$40.505,$39.72
08/26/2021,$39.42,3058263,$39.79,$39.905,$39.39
08/25/2021,$39.70,4088650,$39.58,$39.85,$39.39
08/24/2021,$39.73,3675550,$39.49,$39.84,$39.39
08/23/2021,$39.49,4420044,$38.95,$39.51,$38.94
08/20/2021,$38.18,4461573,$38.08,$38.375,$37.965
08/19/2021,$38.34,6197730,$38.73,$38.80,$38.02
08/18/2021,$39.23,4283798,$39.81,$39.99,$39.22
08/17/2021,$39.79,4722715,$39.65,$40.37,$39.475
08/16/2021,$39.71,4457970,$39.81,$39.84,$39.38
08/13/2021,$40.45,3133945,$40.78,$40.92,$40.41
08/12/2021,$41.10,3899282,$41.19,$41.25,$40.76
08/11/2021,$41.86,4311810,$41.56,$41.88,$41.38
08/10/2021,$41.50,4462006,$40.915,$41.54,$40.79
08/09/2021,$41.04,4113970,$41.08,$41.275,$40.81
08/06/2021,$41.35,3848844,$41.46,$41.61,$41.21
08/05/2021,$41.20,4347757,$41.43,$41.66,$41.15
08/04/2021,$40.67,4527447,$41.10,$41.42,$40.67
08/03/2021,$41.62,6500606,$41.22,$41.69,$40.65
08/02/2021,$40.57,5048504,$41.04,$41.54,$40.53
07/30/2021,$40.62,4895324,$41.03,$41.08,$40.38
07/29/2021,$40.95,7483553,$41.45,$41.66,$40.835
07/28/2021,$39.51,4328139,$39.28,$39.60,$39.02
07/27/2021,$39.28,4434860,$38.96,$39.44,$38.78
07/26/2021,$39.25,4496757,$38.53,$39.27,$38.51
07/23/2021,$37.87,3112848,$38.15,$38.31,$37.67
07/22/2021,$38.09,4946128,$38.44,$38.44,$37.80
07/21/2021,$38.48,5126347,$37.99,$38.65,$37.93
07/20/2021,$37.15,5575205,$36.59,$37.28,$36.32
07/19/2021,$37.08,6520785,$37.57,$37.765,$36.71
07/16/2021,$38.38,6143016,$39.35,$39.45,$38.28
07/15/2021,$39.04,4901509,$39.16,$39.58,$38.94
07/14/2021,$39.97,3920482,$40.91,$41.17,$39.86
07/13/2021,$40.34,4011844,$40.79,$40.84,$40.28
07/12/2021,$40.56,3318297,$40.47,$40.98,$40.26
07/09/2021,$40.95,2878617,$40.58,$40.965,$40.34
07/08/2021,$40.39,5411285,$39.76,$40.65,$39.665
07/07/2021,$40.35,5659883,$40.59,$41.09,$39.94
07/06/2021,$40.75,5337430,$41.67,$41.67,$40.35
07/02/2021,$41.33,3473534,$41.17,$41.365,$40.85
07/01/2021,$41.44,4508802,$41.34,$41.63,$41.145
06/30/2021,$40.40,3475871,$40.28,$40.66,$40.15
06/29/2021,$40.09,3492554,$40.68,$40.89,$40.07
06/28/2021,$40.35,5031438,$41.29,$41.30,$40.185
06/25/2021,$41.89,4145389,$42.08,$42.23,$41.665
06/24/2021,$41.81,3928077,$41.75,$41.87,$41.445
06/23/2021,$41.28,4725531,$41.96,$42.285,$41.205
06/22/2021,$41.01,5647025,$40.66,$41.13,$40.335
06/21/2021,$40.48,5458991,$39.55,$40.545,$39.50
06/18/2021,$39.08,10899510,$39.29,$39.815,$39.08
06/17/2021,$41.25,11619900,$41.94,$42.27,$40.64
06/16/2021,$41.67,5137964,$42.17,$42.22,$41.505
06/15/2021,$42.36,5044791,$41.59,$42.38,$41.58
06/14/2021,$41.25,4783174,$41.13,$41.78,$40.995
06/11/2021,$40.42,3424050,$40.54,$40.59,$40.29
06/10/2021,$40.11,4640452,$40.38,$40.78,$39.92
06/09/2021,$39.82,4725702,$39.91,$40.21,$39.775
06/08/2021,$39.74,5133435,$39.20,$39.845,$38.88
06/07/2021,$39.68,2989744,$39.94,$40.12,$39.67
06/04/2021,$40.15,3476309,$40.28,$40.35,$39.82
06/03/2021,$40.20,4860971,$39.79,$40.385,$39.6301
06/02/2021,$40.28,6649616,$39.73,$40.46,$39.48
06/01/2021,$39.59,7194877,$39.33,$39.655,$39.24
05/28/2021,$38.61,4117538,$38.63,$38.88,$38.45
05/27/2021,$38.81,4237716,$38.83,$39.13,$38.565
05/26/2021,$39.13,4782109,$39.19,$39.36,$38.961
05/25/2021,$38.98,6347769,$39.95,$40.07,$38.945
05/24/2021,$40.31,4987432,$39.90,$40.32,$39.70
05/21/2021,$39.85,5368628,$39.84,$40.105,$39.77
05/20/2021,$39.73,4598714,$39.38,$39.85,$39.05
05/19/2021,$39.28,5238512,$39.57,$39.755,$39.01
05/18/2021,$40.27,5073713,$41.30,$41.45,$40.22
05/17/2021,$40.99,4323235,$40.12,$41.00,$40.10
05/14/2021,$40.40,5988833,$39.90,$40.4718,$39.89
05/13/2021,$39.07,6223576,$38.96,$39.5025,$38.51
05/12/2021,$39.60,7112830,$39.37,$40.39,$39.35
05/11/2021,$39.24,9219405,$39.09,$39.79,$38.89
05/10/2021,$40.03,5485097,$40.96,$41.13,$40.00
05/07/2021,$40.89,3580857,$39.87,$40.89,$39.75
05/06/2021,$40.13,5053125,$39.88,$40.18,$39.39
05/05/2021,$39.78,3225346,$39.06,$39.8399,$38.90
05/04/2021,$38.65,6640561,$39.04,$39.27,$38.45
05/03/2021,$38.90,5107671,$38.04,$38.93,$37.985
04/30/2021,$38.00,4616750,$38.40,$38.54,$37.97
04/29/2021,$38.65,6253321,$39.44,$39.50,$38.45
04/28/2021,$39.08,6477948,$38.45,$39.125,$38.45
04/27/2021,$38.52,3696840,$38.24,$38.54,$37.97
04/26/2021,$38.31,4538774,$38.10,$38.60,$38.10
04/23/2021,$38.03,3842605,$37.87,$38.11,$37.731
04/22/2021,$37.77,6303370,$38.18,$38.33,$37.75
04/21/2021,$38.64,4824136,$38.08,$38.68,$37.97
04/20/2021,$38.32,4530226,$39.07,$39.07,$37.95
04/19/2021,$39.43,3463741,$39.53,$39.77,$39.2337
04/16/2021,$39.38,3766010,$39.73,$39.82,$39.20
04/15/2021,$39.75,4735100,$39.96,$40.03,$39.57
04/14/2021,$39.95,5761395,$39.21,$40.34,$39.15
04/13/2021,$38.65,4212661,$38.70,$38.8813,$38.57
04/12/2021,$38.71,4705732,$39.12,$39.425,$38.525
04/09/2021,$38.91,5300374,$38.87,$39.03,$38.69
04/08/2021,$39.08,8390784,$39.43,$39.43,$38.815
04/07/2021,$40.39,7196085,$39.80,$40.50,$39.79
04/06/2021,$39.86,6137537,$39.99,$40.58,$39.53
04/05/2021,$39.81,3497821,$40.20,$40.40,$39.55
04/01/2021,$40.19,5062816,$39.65,$40.21,$39.49
03/31/2021,$39.21,5638771,$39.62,$39.74,$39.20
03/30/2021,$40.10,3263430,$39.99,$40.35,$39.92
03/29/2021,$40.52,5271681,$40.39,$40.7076,$40.18
03/26/2021,$40.80,4517021,$40.55,$40.89,$40.31
03/25/2021,$39.87,5377251,$39.34,$39.88,$38.79
03/24/2021,$40.35,5508427,$39.96,$40.75,$39.96
03/23/2021,$39.33,6750032,$40.12,$40.36,$39.16
03/22/2021,$41.39,4425842,$41.68,$41.815,$41.36
03/19/2021,$41.96,4335357,$41.64,$42.27,$41.17
03/18/2021,$41.65,4190146,$42.69,$42.90,$41.55
03/17/2021,$43.22,3359238,$42.26,$43.27,$42.26
03/16/2021,$42.80,3554135,$42.89,$42.97,$42.34
03/15/2021,$43.65,4258505,$44.06,$44.20,$43.22
03/12/2021,$44.35,2942390,$44.20,$44.50,$44.015
03/11/2021,$43.93,3722584,$44.19,$44.475,$43.78
03/10/2021,$44.38,4928426,$43.79,$44.48,$43.53
03/09/2021,$43.20,5116723,$43.69,$43.95,$43.03
03/08/2021,$43.35,6300974,$43.15,$43.74,$42.56
03/05/2021,$43.85,6868982,$43.72,$44.13,$43.12
03/04/2021,$42.43,7670005,$42.44,$43.28,$41.775
03/03/2021,$42.06,5468191,$41.67,$42.78,$41.63
03/02/2021,$41.53,4066083,$41.15,$42.04,$41.08
03/01/2021,$41.01,4974612,$41.08,$41.67,$40.885
02/26/2021,$41.03,6386552,$41.29,$41.34,$40.515
02/25/2021,$42.23,7190286,$42.96,$43.19,$42.015
02/24/2021,$42.38,7325540,$41.29,$42.56,$41.13
02/23/2021,$41.07,5413532,$40.90,$41.19,$39.93
02/22/2021,$40.42,5382257,$39.65,$40.98,$39.60
02/19/2021,$39.55,3650577,$39.16,$39.77,$39.11
02/18/2021,$39.08,3542728,$39.53,$39.77,$38.97
02/17/2021,$40.56,3916612,$40.25,$40.61,$39.79
02/16/2021,$40.15,5631118,$39.87,$40.445,$39.77
02/12/2021,$38.51,4076934,$37.21,$38.55,$37.18
02/11/2021,$37.32,4616931,$37.50,$37.56,$37.03
02/10/2021,$38.34,4077347,$37.89,$38.44,$37.53
02/09/2021,$38.23,4530155,$38.68,$38.68,$38.01
02/08/2021,$38.53,6562795,$37.67,$38.60,$37.67
02/05/2021,$37.48,6950835,$37.50,$37.795,$37.19
02/04/2021,$36.60,6991247,$36.31,$36.70,$35.785
02/03/2021,$36.89,7443705,$35.75,$37.135,$35.73
02/02/2021,$36.17,8651487,$36.92,$37.10,$36.04
02/01/2021,$36.62,5965508,$36.89,$36.96,$36.245
01/29/2021,$36.89,4777888,$37.62,$37.795,$36.72
01/28/2021,$38.24,4479223,$37.93,$38.5032,$37.72
01/27/2021,$37.98,4865827,$38.02,$38.77,$37.37
01/26/2021,$38.39,3597892,$38.82,$39.035,$38.36
01/25/2021,$38.22,4152422,$38.17,$38.315,$37.66
01/22/2021,$39.28,3795510,$38.91,$39.405,$38.68
01/21/2021,$39.75,3495395,$40.65,$40.69,$39.395
01/20/2021,$40.76,2696298,$40.73,$40.94,$40.33
01/19/2021,$40.65,4130062,$40.46,$40.715,$40.03
01/15/2021,$40.19,4973155,$40.74,$40.90,$39.83
01/14/2021,$41.65,4177860,$40.74,$41.85,$40.73
01/13/2021,$40.66,3531505,$40.92,$40.94,$40.31
01/12/2021,$41.19,4737964,$40.70,$41.325,$40.61
01/11/2021,$40.26,5699062,$39.15,$40.3172,$39.04
01/08/2021,$40.24,5546750,$40.36,$40.42,$39.77
01/07/2021,$40.34,4829303,$40.00,$40.625,$39.745
01/06/2021,$40.29,9180332,$39.91,$40.68,$39.565
01/05/2021,$38.51,8518589,$37.19,$39.015,$37.115
01/04/2021,$36.03,6794599,$36.25,$36.36,$35.495
12/31/2020,$35.14,3789069,$35.97,$35.97,$35.13
12/30/2020,$36.03,3788926,$36.15,$36.44,$35.955
12/29/2020,$36.14,4728315,$36.43,$36.53,$35.90
12/28/2020,$35.90,5201155,$36.41,$36.62,$35.775
12/24/2020,$35.83,2081061,$36.28,$36.33,$35.455
12/23/2020,$35.94,5800646,$35.88,$36.51,$35.85
12/22/2020,$34.94,4389565,$35.35,$35.47,$34.88
12/21/2020,$35.54,7399731,$34.96,$35.79,$34.71
12/18/2020,$37.30,3782223,$37.88,$38.01,$37.16
12/17/2020,$38.10,3410801,$38.05,$38.34,$37.87
12/16/2020,$37.83,4279066,$37.60,$38.075,$37.32
12/15/2020,$37.58,5270395,$36.90,$37.635,$36.62
12/14/2020,$36.42,4630008,$37.34,$37.615,$36.38
12/11/2020,$37.81,4557049,$37.95,$37.97,$37.16
12/10/2020,$38.42,4965517,$37.72,$38.87,$37.62
12/09/2020,$37.58,6450576,$38.14,$38.325,$37.11
12/08/2020,$37.39,4120911,$37.29,$37.81,$37.21
12/07/2020,$37.42,4176276,$37.92,$38.00,$37.335
12/04/2020,$38.23,5367243,$37.91,$38.36,$37.84
12/03/2020,$36.71,4648399,$36.67,$37.255,$36.39
12/02/2020,$36.39,6286185,$35.61,$36.78,$35.51
12/01/2020,$35.06,5326353,$35.23,$35.495,$34.89
11/30/2020,$33.84,7388264,$35.69,$35.75,$33.82
11/27/2020,$36.27,2598848,$35.95,$36.36,$35.92
11/25/2020,$36.34,5255506,$36.34,$36.60,$35.81
11/24/2020,$37.11,7285970,$36.85,$37.225,$36.745
11/23/2020,$35.21,6213612,$34.67,$35.22,$34.62
11/20/2020,$33.66,4869829,$33.38,$33.71,$33.165
11/19/2020,$33.18,4333768,$32.66,$33.225,$32.48
11/18/2020,$32.99,4948519,$33.88,$34.08,$32.99
11/17/2020,$33.75,6099778,$32.98,$33.77,$32.705
11/16/2020,$33.20,7437126,$33.05,$33.20,$32.40
11/13/2020,$31.21,4762914,$30.82,$31.25,$30.80
11/12/2020,$30.63,5858630,$30.81,$31.43,$30.35
11/11/2020,$31.39,6114795,$32.02,$32.07,$31.20
11/10/2020,$31.76,10317790,$31.48,$31.7775,$31.0345
11/09/2020,$30.23,11753170,$30.45,$31.01,$29.97
11/06/2020,$26.67,5030635,$26.91,$27.21,$26.58
11/05/2020,$26.84,5926139,$27.00,$27.26,$26.75
11/04/2020,$26.90,7404175,$26.79,$27.245,$26.33
11/03/2020,$26.87,7717461,$27.25,$27.30,$26.69
11/02/2020,$26.67,8077173,$26.33,$26.87,$25.90
10/30/2020,$25.55,9439823,$25.23,$25.60,$25.07
10/29/2020,$24.63,11682780,$23.83,$24.745,$23.59
10/28/2020,$23.10,8483371,$23.43,$23.7089,$23.07
10/27/2020,$24.19,6143508,$24.44,$24.50,$24.17
10/26/2020,$24.83,5347015,$25.18,$25.23,$24.665
10/23/2020,$25.61,4235291,$25.90,$25.975,$25.295
10/22/2020,$25.45,5203197,$24.63,$25.49,$24.56
10/21/2020,$24.83,4046687,$25.11,$25.235,$24.80
10/20/2020,$25.32,4062899,$25.33,$25.605,$25.17
10/19/2020,$25.04,4627761,$25.30,$25.735,$25.04
10/16/2020,$25.27,4770070,$25.17,$25.59,$24.94
10/15/2020,$25.37,5325005,$24.74,$25.40,$24.62
10/14/2020,$25.79,4767882,$25.69,$26.19,$25.64
10/13/2020,$25.82,4736456,$26.12,$26.16,$25.63
10/12/2020,$26.30,4889638,$26.42,$26.435,$26.01
10/09/2020,$26.66,10305660,$27.10,$27.195,$26.58
10/08/2020,$26.44,6181265,$25.99,$26.47,$25.95
10/07/2020,$25.59,8851622,$25.43,$25.61,$25.165
10/06/2020,$25.30,6744541,$26.07,$26.33,$25.265
10/05/2020,$25.41,6962014,$25.13,$25.43,$24.86
10/02/2020,$24.60,8151479,$23.81,$24.75,$23.74
10/01/2020,$24.24,8728720,$24.63,$24.75,$24.11
09/30/2020,$25.17,7345651,$25.53,$25.62,$25.07
09/29/2020,$25.65,7121182,$25.91,$25.93,$25.42
09/28/2020,$26.09,8440087,$26.19,$26.41,$26.08
09/25/2020,$25.74,9607179,$25.89,$26.075,$25.55
09/24/2020,$26.54,9533087,$26.53,$26.88,$26.06
09/23/2020,$26.12,8124938,$27.10,$27.1475,$26.05
09/22/2020,$26.64,6777133,$26.95,$27.205,$26.40
09/21/2020,$26.31,8348456,$26.30,$26.40,$25.92
09/18/2020,$26.98,7042581,$27.24,$27.29,$26.86
09/17/2020,$27.60,10235340,$27.65,$27.84,$27.35
09/16/2020,$28.05,11434160,$27.83,$28.38,$27.665
09/15/2020,$27.84,6545371,$28.17,$28.40,$27.78
09/14/2020,$27.72,5963504,$28.08,$28.08,$27.64
09/11/2020,$28.08,6880587,$28.16,$28.32,$27.74
09/10/2020,$27.87,6583656,$28.89,$28.93,$27.86
09/09/2020,$28.52,5839572,$28.92,$29.03,$28.4327
09/08/2020,$28.03,6149304,$28.32,$28.43,$27.845
09/04/2020,$28.91,7398020,$29.48,$29.5133,$28.585
09/03/2020,$28.94,6178531,$29.05,$29.61,$28.735
09/02/2020,$29.04,5996161,$29.21,$29.25,$28.93
09/01/2020,$29.20,6213614,$29.20,$29.59,$28.925
08/31/2020,$29.68,4937139,$30.35,$30.35,$29.67
08/28/2020,$30.19,5251411,$30.07,$30.295,$29.88
08/27/2020,$29.78,5544677,$30.07,$30.165,$29.5428
08/26/2020,$30.03,3992483,$30.10,$30.2684,$29.89
08/25/2020,$30.06,4149134,$30.77,$30.82,$29.81
08/24/2020,$30.53,5080002,$30.41,$30.845,$30.17
08/21/2020,$29.63,4673192,$29.58,$29.71,$29.45
08/20/2020,$30.12,4721167,$30.10,$30.32,$29.95
08/19/2020,$30.42,3824757,$30.62,$30.89,$30.35
08/18/2020,$30.54,6547315,$30.96,$31.195,$30.53
08/17/2020,$30.94,4057804,$31.19,$31.27,$30.8045
08/14/2020,$31.11,3795139,$30.94,$31.23,$30.86
08/13/2020,$31.67,3820813,$32.29,$32.315,$31.5714
08/12/2020,$32.87,5308674,$33.04,$33.19,$32.65
08/11/2020,$31.85,5656384,$32.49,$32.56,$31.76
08/10/2020,$31.45,3528310,$31.23,$31.48,$31.1514
08/07/2020,$30.84,3951120,$30.67,$30.86,$30.46
08/06/2020,$31.25,3633005,$31.13,$31.40,$31.07
08/05/2020,$31.52,4572046,$31.96,$32.055,$31.385
08/04/2020,$31.35,5737440,$30.85,$31.485,$30.81
08/03/2020,$30.30,6443493,$29.96,$30.38,$29.78
07/31/2020,$29.81,9047381,$30.81,$30.82,$29.55
07/30/2020,$30.84,11839840,$31.23,$31.38,$30.17
07/29/2020,$32.41,6410516,$32.36,$32.425,$32.16
07/28/2020,$32.10,4301053,$32.30,$32.57,$32.011
